{
  "heroTitle": "Projetos fotovoltaicos e consultoria com agilidade e precisão técnica.",
  "heroSubtitle": "Do estudo de viabilidade ao projeto executivo e homologação — tudo em até 48 horas.",
  "ctaWhats": "https://wa.me/5519992327688?text=Ol%C3%A1%20Marcus%2C%20gostaria%20de%20um%20or%C3%A7amento",
  "ctaEmail": "mailto:marcusvieira.engenharia@gmail.com",
  "bullets": [
    "Homologação rápida junto à concessionária",
    "Viabilidade e projeto FV em até 48h",
    "6 anos de atuação e 600+ projetos entregues (CFT + CREA)",
    "Análise financeira clara (ROI, payback, TIR, VPL)",
    "Suporte técnico-comercial completo"
  ]
}